1,Mohamed Yousef,mohamed.yousef251@yahoo.com,01028728463,Damietta,Male,1979-08-07,2022-03-31,t
2,Mohamed Ahmed,mohamed.ahmed224@yahoo.com,01077827638,Assiut,Male,1976-03-10,2022-07-23,t
3,Amira Badawi,amira.badawi604@hotmail.com,01010872248,Luxor,Female,1982-02-28,2023-03-09,t
4,Samy Lotfy,samy.lotfy105@gmail.com,01060992979,Cairo,Male,1991-02-07,2022-12-19,t
5,Hesham Rashid,hesham.rashid128@outlook.com,01020576383,Tanta,Male,1988-02-25,2023-01-06,t
6,Mahmoud Saleh,mahmoud.saleh792@hotmail.com,01020709497,Suez,Male,1985-06-11,2022-04-14,t
7,Lamia Fattah,lamia.fattah380@hotmail.com,01038119557,Aswan,Female,1986-12-23,2022-03-15,t
8,Farid Kamel,farid.kamel168@outlook.com,01060929647,Alexandria,Male,1999-12-26,2022-08-13,t
9,Tarek Ibrahim,tarek.ibrahim825@hotmail.com,01063843426,Alexandria,Male,1977-12-20,2022-08-05,t
10,Ghada Tawfik,ghada.tawfik406@outlook.com,01029175900,Alexandria,Female,1981-04-06,2022-09-10,t
11,Rasha Helmy,rasha.helmy920@outlook.com,01058586340,Alexandria,Female,1981-03-16,2023-06-06,t
12,Karim Nasser,karim.nasser643@yahoo.com,01066661351,Assiut,Male,1977-11-06,2023-01-30,t
13,Randa Mansour,randa.mansour995@gmail.com,01025374874,Aswan,Female,1999-02-01,2022-10-01,t
14,Shimaa Gaber,shimaa.gaber446@yahoo.com,01070897765,Cairo,Female,1986-10-25,2023-05-28,t
15,Sherif Selim,sherif.selim624@yahoo.com,01030513739,Giza,Male,1982-03-31,2023-06-28,t
16,Nada Hassan,nada.hassan115@hotmail.com,01051273847,Alexandria,Female,1977-08-07,2022-09-04,t
17,Youssef Tawfik,youssef.tawfik836@gmail.com,01081498611,Luxor,Male,1980-08-22,2022-05-12,t
18,Hany Mokhtar,hany.mokhtar894@outlook.com,01038427073,Ismailia,Male,1999-03-11,2022-07-25,t
19,Lamia Badawi,lamia.badawi922@outlook.com,01026240908,Alexandria,Female,1985-01-29,2022-03-07,t
20,Osama Saleh,osama.saleh8@gmail.com,01094705205,Cairo,Male,1985-04-08,2022-03-11,t
21,Mona Selim,mona.selim244@hotmail.com,01099788677,Mansoura,Female,1984-08-11,2022-05-16,t
22,Lobna Fouad,lobna.fouad827@outlook.com,01035556386,Cairo,Female,1979-05-08,2023-03-18,t
23,Doaa Mahmoud,doaa.mahmoud690@gmail.com,01018135295,Giza,Female,1990-03-22,2022-04-22,t
24,Farid Badawi,farid.badawi144@outlook.com,01034627347,Alexandria,Male,1995-10-02,2022-09-13,t
25,Magdy Naguib,magdy.naguib101@gmail.com,01097529405,Tanta,Male,1975-08-30,2022-04-06,t
26,Ziad Rushdy,ziad.rushdy498@outlook.com,01038688676,Suez,Male,1992-12-27,2022-03-02,t
27,Ayman Mansour,ayman.mansour949@outlook.com,01048285503,Giza,Male,1999-12-06,2023-05-14,t
28,Ghada Mahmoud,ghada.mahmoud594@gmail.com,01052091325,Cairo,Female,1977-04-01,2023-05-04,t
29,Omar Selim,omar.selim83@yahoo.com,01019196777,Assiut,Male,1978-01-18,2022-08-29,t
30,Osama Qasim,osama.qasim41@gmail.com,01066267415,Aswan,Male,2000-05-09,2023-06-20,t
31,Ghada Sayed,ghada.sayed245@hotmail.com,01063121477,Cairo,Female,1988-06-16,2023-04-14,t
32,Ahmed Zidan,ahmed.zidan637@gmail.com,01019832887,Tanta,Male,1984-07-24,2023-06-03,t
33,Mona Kamel,mona.kamel379@hotmail.com,01031172421,Mansoura,Female,1999-05-15,2022-11-06,t
34,Bassem Ragab,bassem.ragab955@gmail.com,01028024248,Alexandria,Male,1980-03-06,2022-04-20,t
35,Amr Gaber,amr.gaber620@yahoo.com,01056020613,Alexandria,Male,1986-11-04,2023-06-02,t
36,Youssef Helmy,youssef.helmy850@hotmail.com,01015917225,Cairo,Male,1989-12-17,2022-05-14,t
37,Yasmine Badawi,yasmine.badawi565@outlook.com,01085283645,Cairo,Female,1980-01-07,2022-03-19,t
38,Farid Ibrahim,farid.ibrahim855@hotmail.com,01088183110,Tanta,Male,1981-08-23,2023-03-17,t
39,Lamia Ibrahim,lamia.ibrahim921@hotmail.com,01038195995,Aswan,Female,1986-03-12,2022-04-16,t
40,Abeer Nasser,abeer.nasser948@yahoo.com,01031810617,Luxor,Female,1982-12-10,2023-02-27,f
41,Asmaa Kamel,asmaa.kamel274@yahoo.com,01024508349,Giza,Female,1976-09-26,2023-04-27,t
42,Salma Ragab,salma.ragab841@yahoo.com,01039920292,Cairo,Female,1983-08-31,2023-02-13,t
43,Amr Darwish,amr.darwish657@outlook.com,01081969657,Giza,Male,1976-03-28,2022-04-29,t
44,Mariam Ghanem,mariam.ghanem986@hotmail.com,01015134794,Cairo,Female,1994-06-29,2022-12-20,t
45,Shereen Qasim,shereen.qasim524@gmail.com,01061700055,Ismailia,Female,2000-11-11,2022-07-14,t
46,Sara Mokhtar,sara.mokhtar948@yahoo.com,01058884978,Giza,Female,1978-02-20,2022-12-05,t
47,Sherif Selim,sherif.selim317@outlook.com,01053779528,Giza,Male,1988-04-06,2022-05-11,t
48,Mariam Sobhy,mariam.sobhy583@hotmail.com,01064502486,Tanta,Female,1975-01-07,2022-11-08,t
49,Rasha Qasim,rasha.qasim671@hotmail.com,01072409658,Mansoura,Female,1994-11-01,2022-08-07,t
50,Youssef Gaber,youssef.gaber528@hotmail.com,01022534217,Suez,Male,1985-07-15,2022-11-14,t
51,Wael Hassan,wael.hassan48@yahoo.com,01073771720,Assiut,Male,1978-04-08,2023-04-12,t
52,Ayman Tawfik,ayman.tawfik410@yahoo.com,01029806690,Aswan,Male,1975-04-01,2022-04-20,t
53,Ramy Mokhtar,ramy.mokhtar476@gmail.com,01084813739,Alexandria,Male,1980-06-11,2023-04-13,t
54,Randa Naguib,randa.naguib610@hotmail.com,01069401199,Assiut,Female,1997-08-23,2023-03-13,t
55,Yasmine Fouad,yasmine.fouad461@hotmail.com,01043183955,Suez,Female,1987-06-10,2023-06-18,t
56,Amr Badawi,amr.badawi80@hotmail.com,01041473195,Alexandria,Male,1990-01-24,2022-11-24,t
57,Hossam Nasser,hossam.nasser237@outlook.com,01030509175,Damietta,Male,1984-08-06,2022-03-07,t
58,Samar Zidan,samar.zidan426@gmail.com,01037760841,Suez,Female,1993-11-05,2023-02-03,t
59,Nabil Farouk,nabil.farouk489@gmail.com,01057212267,Alexandria,Male,1992-06-29,2023-03-06,t
60,Alaa Saleh,alaa.saleh280@outlook.com,01075181765,Cairo,Male,1992-06-11,2022-12-11,t
61,Yasmine Zidan,yasmine.zidan942@yahoo.com,01093517915,Tanta,Female,1976-03-17,2023-02-08,t
62,Youssef Helmy,youssef.helmy139@outlook.com,01034391257,Cairo,Male,1986-09-02,2023-01-24,t
63,Israa Lotfy,israa.lotfy780@outlook.com,01047346970,Luxor,Female,1993-11-28,2022-09-16,t
64,Nora Rashid,nora.rashid54@hotmail.com,01040094589,Aswan,Female,1978-01-29,2022-02-11,t
65,Adel Hassan,adel.hassan637@yahoo.com,01042016960,Cairo,Male,1996-03-29,2022-04-28,t
66,Hesham Mansour,hesham.mansour786@hotmail.com,01032520277,Assiut,Male,1980-02-20,2022-06-17,t
67,Osama Hassan,osama.hassan952@hotmail.com,01087282128,Aswan,Male,1991-11-02,2023-02-11,t
68,Khaled Ghanem,khaled.ghanem708@yahoo.com,01023676961,Damietta,Male,1988-07-12,2022-05-04,t
69,Hassan Rashid,hassan.rashid439@hotmail.com,01019255216,Tanta,Male,1990-04-22,2022-01-13,t
70,Iman Helmy,iman.helmy984@hotmail.com,01095306788,Ismailia,Female,1995-08-16,2022-06-06,t
71,Abeer Rashid,abeer.rashid794@outlook.com,01072394301,Giza,Female,1987-01-15,2022-11-27,t
72,Amr Badawi,amr.badawi250@outlook.com,01086483924,Assiut,Male,1992-01-01,2022-12-11,f
73,Mariam Tawfik,mariam.tawfik218@hotmail.com,01044675473,Giza,Female,1987-07-18,2022-10-10,t
74,Youssef Kamel,youssef.kamel738@outlook.com,01075575808,Tanta,Male,1985-10-12,2023-05-03,t
75,Noha Hassan,noha.hassan96@hotmail.com,01039742165,Giza,Female,1985-11-30,2022-11-10,t
76,Menatallah Naguib,menatallah.naguib544@hotmail.com,01067110154,Damietta,Female,1999-09-09,2022-12-05,t
77,Nivin Ragab,nivin.ragab258@yahoo.com,01026194158,Damietta,Female,1983-08-22,2022-11-20,t
78,Adel Hamdy,adel.hamdy757@outlook.com,01047111151,Damietta,Male,1998-07-14,2022-10-17,t
79,Nader Saleh,nader.saleh370@yahoo.com,01050569669,Cairo,Male,1998-12-17,2022-05-10,t
80,Bassem Gaber,bassem.gaber715@yahoo.com,01095613415,Suez,Male,1997-01-07,2022-04-16,t
81,Menatallah Fouad,menatallah.fouad452@hotmail.com,01034744872,Cairo,Female,1986-04-29,2023-05-05,t
82,Walid Tawfik,walid.tawfik76@gmail.com,01030364454,Cairo,Male,2000-03-31,2022-11-08,t
83,Karim Naguib,karim.naguib783@outlook.com,01091378577,Assiut,Male,1985-02-14,2023-06-20,t
84,Nadine Ghanem,nadine.ghanem440@hotmail.com,01086320155,Assiut,Female,1977-09-13,2022-04-12,t
85,Samy Mansour,samy.mansour677@gmail.com,01031079846,Alexandria,Male,1982-10-18,2022-03-18,t
86,Noha Qasim,noha.qasim482@hotmail.com,01014380847,Alexandria,Female,1987-12-04,2022-10-17,t
87,Mona Saleh,mona.saleh947@hotmail.com,01093893865,Assiut,Female,1983-11-16,2023-03-12,t
88,Wael Yousef,wael.yousef847@yahoo.com,01019584466,Cairo,Male,1982-06-11,2022-11-11,t
89,Noha Omar,noha.omar480@hotmail.com,01064023778,Alexandria,Female,1997-06-13,2023-05-21,t
90,Fathy Sayed,fathy.sayed619@hotmail.com,01013471527,Cairo,Male,1985-04-08,2022-01-22,t
91,Mervat Ibrahim,mervat.ibrahim782@yahoo.com,01073149551,Tanta,Female,1994-11-02,2022-10-12,t
92,Nada Ahmed,nada.ahmed482@hotmail.com,01064807553,Giza,Female,1989-05-27,2022-04-18,t
93,Asmaa Tawfik,asmaa.tawfik296@outlook.com,01083832717,Cairo,Female,1995-05-27,2022-04-01,t
94,Shimaa Ismail,shimaa.ismail886@gmail.com,01098269682,Suez,Female,1999-05-04,2023-04-19,t
95,Gamal Osman,gamal.osman638@outlook.com,01093940940,Mansoura,Male,1977-04-25,2022-07-28,t
96,Nader Badawi,nader.badawi902@outlook.com,01026297533,Cairo,Male,1985-09-25,2022-06-12,t
97,Bassem Rushdy,bassem.rushdy96@yahoo.com,01025228493,Mansoura,Male,1980-04-08,2022-06-07,t
98,Inas Yousef,inas.yousef426@outlook.com,01073380266,Alexandria,Female,1995-06-28,2022-05-29,t
99,Khaled Yousef,khaled.yousef792@outlook.com,01055617282,Ismailia,Male,1997-10-10,2022-10-01,t
100,Nadine Ghanem,nadine.ghanem594@outlook.com,01029944139,Mansoura,Female,1999-02-28,2023-05-11,t
101,Doaa Sayed,doaa.sayed891@yahoo.com,01042051937,Assiut,Female,1992-03-06,2022-08-28,t
102,Dina Sayed,dina.sayed763@outlook.com,01061167978,Giza,Female,1981-10-28,2023-05-23,t
103,Diaa Ghanem,diaa.ghanem340@gmail.com,01069096899,Cairo,Male,1998-08-05,2023-04-13,f
104,Samir Nasser,samir.nasser77@outlook.com,01045570755,Giza,Male,1992-10-30,2022-03-24,t
105,Israa Tawfik,israa.tawfik894@gmail.com,01092874006,Cairo,Female,1985-07-13,2022-10-22,t
106,Fathy Khaled,fathy.khaled779@gmail.com,01069549527,Cairo,Male,1988-06-07,2022-01-30,f
107,Nader Darwish,nader.darwish384@outlook.com,01029538047,Alexandria,Male,1998-10-29,2023-02-26,t
108,Ziad Abdallah,ziad.abdallah81@outlook.com,01093176117,Aswan,Male,1985-10-20,2023-05-25,t
109,Tarek Zidan,tarek.zidan654@hotmail.com,01071682508,Alexandria,Male,1975-06-03,2023-04-22,t
110,Khaled Badawi,khaled.badawi968@hotmail.com,01088862539,Alexandria,Male,1994-01-12,2022-09-14,t
111,Shorouk Farouk,shorouk.farouk874@outlook.com,01024314759,Alexandria,Female,1992-02-09,2023-01-03,t
112,Nora Ismail,nora.ismail282@gmail.com,01085957706,Suez,Female,1977-03-14,2023-05-24,t
113,Amira Qasim,amira.qasim822@hotmail.com,01039394291,Aswan,Female,1983-07-13,2022-09-14,t
114,Tamer Ibrahim,tamer.ibrahim317@outlook.com,01014478111,Assiut,Male,1991-05-14,2022-05-15,t
115,Israa Rushdy,israa.rushdy180@yahoo.com,01027738187,Luxor,Female,1999-03-13,2023-01-10,t
116,Yasmine Mansour,yasmine.mansour936@outlook.com,01049613214,Damietta,Female,1990-03-12,2022-04-28,t
117,Wael Saleh,wael.saleh881@outlook.com,01084801233,Giza,Male,1979-01-19,2023-02-09,f
118,Hesham Osman,hesham.osman689@hotmail.com,01088458327,Giza,Male,1991-08-31,2022-04-21,t
119,Nora Sobhy,nora.sobhy906@hotmail.com,01091883846,Alexandria,Female,1977-11-01,2023-04-21,t
120,Asmaa Omar,asmaa.omar144@gmail.com,01014994527,Alexandria,Female,1997-02-05,2022-04-29,t
121,Ayman Zidan,ayman.zidan380@outlook.com,01088831486,Damietta,Male,1981-12-06,2023-03-01,t
122,Abeer Rushdy,abeer.rushdy962@hotmail.com,01014391105,Damietta,Female,1991-08-15,2022-08-11,t
123,Ibrahim Khaled,ibrahim.khaled703@hotmail.com,01083076970,Ismailia,Male,1991-02-02,2022-03-04,t
124,Karim Zidan,karim.zidan94@yahoo.com,01096128115,Aswan,Male,1975-12-16,2022-02-21,t
125,Hossam Barakat,hossam.barakat211@gmail.com,01084384510,Alexandria,Male,1984-09-08,2022-08-27,t
126,Bahaa Ali,bahaa.ali284@yahoo.com,01027447248,Tanta,Male,1986-03-30,2022-06-28,t
127,Hossam Ali,hossam.ali367@yahoo.com,01089034501,Giza,Male,1975-09-16,2022-06-28,t
128,Samir Mokhtar,samir.mokhtar117@gmail.com,01073920651,Mansoura,Male,1991-03-29,2023-06-10,t
129,Inas Saleh,inas.saleh969@gmail.com,01098436473,Tanta,Female,1988-07-12,2023-04-15,t
130,Omar Fouad,omar.fouad868@outlook.com,01067213476,Aswan,Male,1979-11-04,2023-05-18,t
131,Mona Ahmed,mona.ahmed330@yahoo.com,01018815720,Cairo,Female,1987-05-03,2022-11-29,t
132,Doaa Selim,doaa.selim620@outlook.com,01023311507,Luxor,Female,1980-02-18,2022-08-09,t
133,Samir Lotfy,samir.lotfy848@outlook.com,01063516659,Giza,Male,1979-04-07,2022-11-17,t
134,Lamia Nasser,lamia.nasser704@outlook.com,01019010480,Cairo,Female,1978-10-30,2022-04-06,t
135,Rana Naguib,rana.naguib62@hotmail.com,01099927658,Cairo,Female,1993-06-05,2022-12-29,t
136,Reem Gaber,reem.gaber615@hotmail.com,01057197152,Cairo,Female,2000-12-03,2023-06-04,t
137,Amira Khaled,amira.khaled359@hotmail.com,01025419645,Luxor,Female,1987-07-01,2022-08-20,t
138,Bahaa Yousef,bahaa.yousef30@yahoo.com,01046677730,Damietta,Male,1988-11-10,2022-12-14,t
139,Wael Barakat,wael.barakat674@outlook.com,01019339597,Cairo,Male,1976-05-17,2022-04-04,t
140,Ayman Rushdy,ayman.rushdy465@hotmail.com,01031127115,Giza,Male,1988-12-23,2022-11-29,t
141,Omar Nasser,omar.nasser162@gmail.com,01020949687,Alexandria,Male,1994-11-16,2023-03-11,t
142,Asmaa Yousef,asmaa.yousef221@gmail.com,01056328316,Giza,Female,1979-12-22,2022-10-18,t
143,Randa Ragab,randa.ragab47@yahoo.com,01063051354,Assiut,Female,1977-06-16,2022-01-08,t
144,Hossam Mansour,hossam.mansour297@hotmail.com,01026104026,Cairo,Male,1997-04-24,2023-03-17,t
145,Samar Saleh,samar.saleh513@hotmail.com,01019673809,Giza,Female,1976-11-24,2023-03-23,f
146,Islam Barakat,islam.barakat440@outlook.com,01095918360,Giza,Male,1987-12-27,2022-04-28,t
147,Yasmine Sobhy,yasmine.sobhy472@hotmail.com,01021828592,Giza,Female,1979-10-01,2022-09-07,t
148,Randa Ahmed,randa.ahmed406@hotmail.com,01055568701,Alexandria,Female,1989-12-09,2022-06-22,f
149,Gamal Selim,gamal.selim199@hotmail.com,01057123808,Damietta,Male,1981-08-16,2022-08-30,t
150,Shorouk Abdallah,shorouk.abdallah617@yahoo.com,01097980930,Cairo,Female,1982-12-12,2023-05-21,t
151,Mervat Sobhy,mervat.sobhy331@hotmail.com,01030261159,Mansoura,Female,1978-01-23,2023-04-26,t
152,Nivin Ghanem,nivin.ghanem58@hotmail.com,01078093604,Cairo,Female,1988-12-03,2023-04-18,t
153,Ibrahim Gaber,ibrahim.gaber79@gmail.com,01092545028,Assiut,Male,1997-09-29,2023-01-29,t
154,Magdy Barakat,magdy.barakat668@yahoo.com,01053154591,Assiut,Male,1996-05-02,2023-05-29,t
155,Magdy Khaled,magdy.khaled831@hotmail.com,01021318464,Tanta,Male,1982-09-28,2022-02-10,t
156,Noha Mokhtar,noha.mokhtar536@yahoo.com,01058841557,Giza,Female,1987-09-09,2023-02-01,t
157,Nevine Mahmoud,nevine.mahmoud809@hotmail.com,01018846539,Giza,Female,1979-03-29,2023-01-31,t
158,Mostafa Ahmed,mostafa.ahmed597@yahoo.com,01056952151,Alexandria,Male,1992-07-31,2022-05-13,t
159,Sherif Naguib,sherif.naguib386@hotmail.com,01027152188,Aswan,Male,1998-08-12,2022-04-06,t
160,Inas Osman,inas.osman19@hotmail.com,01051455302,Cairo,Female,1984-08-10,2022-12-16,t
161,Shorouk Saleh,shorouk.saleh141@yahoo.com,01020356922,Alexandria,Female,1979-07-16,2023-06-04,t
162,Mostafa Sobhy,mostafa.sobhy135@outlook.com,01030703455,Cairo,Male,1983-02-10,2022-06-19,t
163,Samir Osman,samir.osman693@yahoo.com,01069619341,Assiut,Male,1987-10-13,2023-04-05,t
164,Sherif Fouad,sherif.fouad926@yahoo.com,01059370777,Aswan,Male,2000-08-02,2023-03-28,t
165,Nehad Selim,nehad.selim541@outlook.com,01031751079,Suez,Female,1983-12-16,2022-05-22,t
166,Essam Osman,essam.osman568@gmail.com,01079244185,Suez,Male,1980-08-04,2022-10-19,t
167,Amr Badawi,amr.badawi928@yahoo.com,01068716573,Cairo,Male,1984-12-16,2023-04-07,t
168,Samir Mahmoud,samir.mahmoud406@hotmail.com,01041645597,Giza,Male,1978-08-30,2023-01-19,t
169,Iman Lotfy,iman.lotfy811@yahoo.com,01028468304,Cairo,Female,1987-11-14,2023-04-29,t
170,Essam Badawi,essam.badawi631@gmail.com,01020633503,Cairo,Male,1986-06-25,2022-08-09,t
171,Shimaa Gaber,shimaa.gaber244@hotmail.com,01026354208,Cairo,Female,1985-09-11,2023-03-06,t
172,Mona Omar,mona.omar857@outlook.com,01090092958,Tanta,Female,1975-09-27,2023-06-12,t
173,Nader Helmy,nader.helmy2@hotmail.com,01042287985,Assiut,Male,1993-09-08,2022-07-11,t
174,Gamal Osman,gamal.osman70@gmail.com,01062405812,Suez,Male,1996-02-02,2022-02-14,t
175,Walaa Hassan,walaa.hassan366@gmail.com,01056278607,Alexandria,Female,1979-08-26,2022-12-07,t
176,Samar Lotfy,samar.lotfy834@yahoo.com,01072360629,Damietta,Female,1996-06-19,2022-07-06,t
177,Hesham Ibrahim,hesham.ibrahim301@yahoo.com,01015879578,Luxor,Male,1983-12-13,2022-02-12,t
178,Inas Ismail,inas.ismail835@outlook.com,01043999198,Cairo,Female,1983-07-29,2022-10-20,t
179,Mostafa Yousef,mostafa.yousef128@hotmail.com,01068646621,Ismailia,Male,1992-12-10,2023-03-27,t
180,Aya Abdallah,aya.abdallah509@outlook.com,01059304469,Ismailia,Female,1998-04-17,2022-10-01,t
181,Heba Helmy,heba.helmy617@yahoo.com,01083212334,Alexandria,Female,1989-05-29,2022-04-16,t
182,Nadine Badawi,nadine.badawi618@outlook.com,01032366682,Damietta,Female,1994-11-29,2022-12-26,t
183,Abeer Helmy,abeer.helmy282@gmail.com,01020071854,Aswan,Female,1993-03-22,2023-01-08,t
184,Mohamed Nasser,mohamed.nasser870@outlook.com,01014670638,Cairo,Male,1978-01-06,2022-08-30,t
185,Lamia Farouk,lamia.farouk973@gmail.com,01091214453,Cairo,Female,1995-03-08,2023-01-15,t
186,Nabil Saad,nabil.saad543@hotmail.com,01063423225,Giza,Male,1987-07-03,2022-09-13,t
187,Ramy Tawfik,ramy.tawfik531@outlook.com,01085386435,Cairo,Male,1986-09-28,2022-09-24,t
188,Reda Gaber,reda.gaber711@outlook.com,01036867482,Cairo,Male,1981-02-01,2022-03-17,t
189,Heba Sayed,heba.sayed684@hotmail.com,01018715975,Tanta,Female,1999-04-27,2022-10-25,t
190,Ramy Osman,ramy.osman521@yahoo.com,01026288992,Alexandria,Male,1981-03-25,2022-08-31,t
191,Ibrahim Naguib,ibrahim.naguib587@hotmail.com,01072734149,Luxor,Male,1999-09-30,2022-05-13,t
192,Khaled Ragab,khaled.ragab408@outlook.com,01080557676,Giza,Male,1993-05-14,2022-03-17,t
193,Mona Badawi,mona.badawi478@hotmail.com,01027224779,Ismailia,Female,1999-09-24,2022-07-06,t
194,Fathy Selim,fathy.selim933@gmail.com,01026664623,Tanta,Male,1981-11-12,2022-11-08,t
195,Amira Darwish,amira.darwish971@hotmail.com,01020584397,Alexandria,Female,1983-10-22,2022-10-09,t
196,Abeer Rashid,abeer.rashid96@yahoo.com,01089431184,Assiut,Female,1981-12-01,2022-06-25,t
197,Mervat Ibrahim,mervat.ibrahim846@gmail.com,01020901547,Cairo,Female,2000-11-14,2022-09-29,t
198,Abeer Hassan,abeer.hassan510@hotmail.com,01096155337,Alexandria,Female,1996-08-30,2022-09-08,t
199,Nadine Zidan,nadine.zidan75@gmail.com,01031217198,Mansoura,Female,1993-08-23,2023-05-11,t
200,Nevine Nasser,nevine.nasser321@hotmail.com,01056354851,Giza,Female,1980-11-12,2023-01-15,t
201,Islam Kamel,islam.kamel478@gmail.com,01045899440,Mansoura,Male,1986-02-13,2022-05-25,t
202,Nehad Sobhy,nehad.sobhy429@yahoo.com,01031434525,Suez,Female,1989-09-08,2022-11-17,t
203,Alaa Selim,alaa.selim479@outlook.com,01051411602,Mansoura,Male,1976-01-15,2022-04-03,t
204,Lobna Hamdy,lobna.hamdy598@hotmail.com,01016530784,Cairo,Female,1987-08-15,2023-05-22,t
205,Hanan Rashid,hanan.rashid9@gmail.com,01067838146,Cairo,Female,1986-11-12,2023-01-10,t
206,Dina Ismail,dina.ismail53@yahoo.com,01058657117,Tanta,Female,1987-12-12,2022-03-17,t
207,Hala Yousef,hala.yousef846@gmail.com,01027268907,Cairo,Female,1992-09-01,2023-01-18,t
208,Hala Osman,hala.osman774@yahoo.com,01036717096,Assiut,Female,1997-11-02,2023-02-16,t
209,Mahmoud Saad,mahmoud.saad731@hotmail.com,01073584863,Tanta,Male,1995-07-02,2022-06-02,t
210,Islam Sobhy,islam.sobhy327@yahoo.com,01062741471,Assiut,Male,1988-06-03,2022-12-11,t
211,Mervat Ragab,mervat.ragab487@gmail.com,01059440148,Giza,Female,1979-12-01,2023-03-03,t
212,Bahaa Fouad,bahaa.fouad272@yahoo.com,01016892773,Assiut,Male,1996-07-20,2022-06-24,t
213,Dalia Kamel,dalia.kamel33@gmail.com,01035606639,Cairo,Female,1994-10-13,2022-11-18,t
214,Ghada Rushdy,ghada.rushdy514@outlook.com,01018359252,Damietta,Female,1981-03-12,2023-06-16,t
215,Menatallah Mokhtar,menatallah.mokhtar386@hotmail.com,01033244151,Mansoura,Female,1998-11-30,2022-12-17,t
216,Abeer Fouad,abeer.fouad197@yahoo.com,01047447604,Tanta,Female,1988-05-22,2022-08-19,t
217,Hanan Hamdy,hanan.hamdy707@outlook.com,01052552488,Mansoura,Female,1990-08-24,2022-10-08,t
218,Rania Darwish,rania.darwish978@yahoo.com,01048983895,Cairo,Female,1987-11-26,2022-03-22,t
219,Walaa Fouad,walaa.fouad220@yahoo.com,01082286705,Alexandria,Female,2000-03-18,2022-10-06,t
220,Bassel Mahmoud,bassel.mahmoud686@yahoo.com,01095623471,Alexandria,Male,1977-05-10,2022-04-13,t
221,Iman Saad,iman.saad6@yahoo.com,01064614193,Aswan,Female,1996-05-03,2023-05-04,t
222,Israa Gaber,israa.gaber662@gmail.com,01022007214,Aswan,Female,2000-10-02,2022-08-26,t
223,Ramy Rushdy,ramy.rushdy904@yahoo.com,01014877451,Suez,Male,1992-10-22,2023-05-23,t
224,Dina Ali,dina.ali306@gmail.com,01054968591,Alexandria,Female,1995-05-20,2023-06-21,t
225,Diaa Zidan,diaa.zidan280@yahoo.com,01025119192,Giza,Male,1982-04-16,2023-04-15,t
226,Ahmed Lotfy,ahmed.lotfy810@hotmail.com,01086206305,Aswan,Male,1983-08-31,2022-06-29,t
227,Shereen Selim,shereen.selim336@gmail.com,01063798927,Aswan,Female,1979-04-12,2022-07-09,t
228,Israa Kamel,israa.kamel7@hotmail.com,01061482483,Alexandria,Female,1995-01-15,2022-10-01,t
229,Rasha Barakat,rasha.barakat12@hotmail.com,01097735896,Giza,Female,1985-08-07,2022-03-05,t
230,Nadine Fattah,nadine.fattah416@hotmail.com,01025759274,Aswan,Female,1988-03-26,2023-01-12,t
231,Hossam Fouad,hossam.fouad157@outlook.com,01091300905,Giza,Male,1993-08-27,2023-04-28,t
232,Bassel Qasim,bassel.qasim895@gmail.com,01080532309,Mansoura,Male,1998-09-10,2023-01-06,f
233,Omar Naguib,omar.naguib925@yahoo.com,01086866717,Tanta,Male,1981-09-21,2022-06-18,t
234,Shimaa Hamdy,shimaa.hamdy735@outlook.com,01022205980,Ismailia,Female,1997-11-22,2023-04-02,t
235,Rana Selim,rana.selim426@outlook.com,01085686878,Cairo,Female,2000-01-25,2023-04-19,t
236,Nora Ismail,nora.ismail261@gmail.com,01039246218,Assiut,Female,1978-04-11,2022-02-16,t
237,Farid Mahmoud,farid.mahmoud958@gmail.com,01073360324,Cairo,Male,1987-11-17,2023-02-23,t
238,Samir Osman,samir.osman913@outlook.com,01070201634,Suez,Male,1991-12-07,2023-01-20,t
239,Hassan Omar,hassan.omar183@outlook.com,01080980044,Cairo,Male,1984-12-27,2022-01-04,t
240,Doaa Rashid,doaa.rashid435@outlook.com,01040824989,Alexandria,Female,1995-08-30,2022-12-21,t
241,Karim Ibrahim,karim.ibrahim829@outlook.com,01092533595,Luxor,Male,1975-09-14,2022-09-04,t
242,Bahaa Ibrahim,bahaa.ibrahim458@gmail.com,01042847661,Damietta,Male,1976-12-25,2023-02-16,t
243,Omar Saad,omar.saad516@hotmail.com,01041428626,Suez,Male,2000-11-03,2022-11-23,t
244,Lobna Ragab,lobna.ragab898@yahoo.com,01098612211,Tanta,Female,1984-11-30,2023-02-28,t
245,Bassem Ghanem,bassem.ghanem901@yahoo.com,01094019376,Aswan,Male,1994-03-01,2023-05-23,f
246,Nehad Mokhtar,nehad.mokhtar327@outlook.com,01064795619,Cairo,Female,1988-06-14,2023-01-21,t
247,Lobna Saleh,lobna.saleh308@yahoo.com,01072146184,Ismailia,Female,1977-08-02,2023-02-27,t
248,Ayman Kamel,ayman.kamel262@yahoo.com,01054327148,Aswan,Male,1978-07-19,2023-04-06,t
249,Farid Aziz,farid.aziz53@hotmail.com,01060622628,Aswan,Male,1976-10-09,2022-03-16,t
250,Essam Hamdy,essam.hamdy891@hotmail.com,01050693207,Ismailia,Male,1975-09-09,2022-08-05,t
251,Essam Kamel,essam.kamel713@yahoo.com,01063235053,Ismailia,Male,1985-09-26,2022-11-26,t
252,Doaa Rashid,doaa.rashid665@hotmail.com,01051395738,Alexandria,Female,1991-02-18,2023-06-10,t
253,Iman Fouad,iman.fouad780@hotmail.com,01037263310,Giza,Female,1989-01-13,2023-02-28,f
254,Wael Hassan,wael.hassan268@outlook.com,01049620038,Cairo,Male,1983-10-20,2022-12-04,t
255,Alaa Naguib,alaa.naguib671@hotmail.com,01044537812,Luxor,Male,1996-12-01,2023-05-18,t
256,Yasmine Saad,yasmine.saad738@outlook.com,01034702473,Ismailia,Female,1999-04-27,2022-03-02,t
257,Omar Ali,omar.ali423@yahoo.com,01094651342,Alexandria,Male,1978-01-18,2022-06-04,f
258,Lamia Mahmoud,lamia.mahmoud633@outlook.com,01098487646,Mansoura,Female,1975-09-15,2022-01-07,t
259,Sara Hassan,sara.hassan543@hotmail.com,01081905550,Alexandria,Female,1975-10-08,2023-05-30,t
260,Mariam Khaled,mariam.khaled941@gmail.com,01080381817,Cairo,Female,1985-10-23,2022-07-16,t
261,Salma Yousef,salma.yousef815@outlook.com,01020605783,Giza,Female,1993-03-19,2023-04-16,t
262,Sherif Ahmed,sherif.ahmed670@gmail.com,01022549425,Giza,Male,1992-01-05,2023-01-22,t
263,Ahmed Fattah,ahmed.fattah85@outlook.com,01068238367,Aswan,Male,1989-11-10,2022-04-08,t
264,Tarek Hamdy,tarek.hamdy923@outlook.com,01046385762,Cairo,Male,1978-05-03,2022-10-15,t
265,Ramy Sayed,ramy.sayed17@yahoo.com,01088790652,Cairo,Male,1992-11-12,2022-03-20,t
266,Nabil Farouk,nabil.farouk694@hotmail.com,01061518966,Luxor,Male,1981-04-11,2022-03-22,t
267,Reem Khaled,reem.khaled448@yahoo.com,01020202996,Giza,Female,1992-10-17,2022-12-01,f
268,Noha Tawfik,noha.tawfik234@hotmail.com,01084227466,Giza,Female,1994-05-16,2022-07-10,t
269,Heba Sobhy,heba.sobhy303@yahoo.com,01019865900,Cairo,Female,1987-01-08,2022-06-07,t
270,Ayman Sayed,ayman.sayed370@gmail.com,01022283664,Cairo,Male,1988-10-29,2023-04-01,t
271,Iman Saad,iman.saad90@yahoo.com,01067845091,Mansoura,Female,1999-12-26,2023-06-09,t
272,Youssef Darwish,youssef.darwish568@gmail.com,01090117857,Assiut,Male,1989-07-21,2023-01-30,f
273,Nehad Ahmed,nehad.ahmed743@yahoo.com,01086767229,Tanta,Female,1982-08-10,2023-01-25,t
274,Nadine Yousef,nadine.yousef505@yahoo.com,01018491573,Cairo,Female,1994-07-01,2022-10-10,t
275,Mona Osman,mona.osman258@yahoo.com,01093890601,Mansoura,Female,1983-10-09,2023-04-14,t
276,Sara Ismail,sara.ismail341@outlook.com,01054230340,Mansoura,Female,1990-01-06,2023-03-17,t
277,Sherif Sayed,sherif.sayed618@yahoo.com,01074291599,Giza,Male,1982-12-20,2023-02-12,t
278,Nada Barakat,nada.barakat801@yahoo.com,01053739710,Giza,Female,1987-07-29,2023-02-07,t
279,Osama Rashid,osama.rashid185@gmail.com,01071957885,Damietta,Male,1984-05-27,2023-03-25,t
280,Samir Tawfik,samir.tawfik143@hotmail.com,01042483531,Alexandria,Male,1981-11-30,2023-03-10,t
281,Magdy Qasim,magdy.qasim491@outlook.com,01081721578,Tanta,Male,1993-10-06,2022-02-07,t
282,Samar Qasim,samar.qasim654@gmail.com,01024679315,Luxor,Female,1986-02-19,2022-12-30,t
283,Nabil Ismail,nabil.ismail991@hotmail.com,01067774765,Cairo,Male,1975-06-22,2022-04-11,t
284,Magdy Osman,magdy.osman401@outlook.com,01088999206,Damietta,Male,1997-06-13,2022-06-04,t
285,Essam Khaled,essam.khaled303@outlook.com,01021523236,Cairo,Male,1981-05-10,2022-12-23,t
286,Ghada Mokhtar,ghada.mokhtar495@hotmail.com,01073909453,Cairo,Female,1994-08-27,2023-04-09,t
287,Dina Omar,dina.omar24@hotmail.com,01096969050,Cairo,Female,1982-05-16,2022-09-07,t
288,Mostafa Naguib,mostafa.naguib437@outlook.com,01041119124,Luxor,Male,1993-03-03,2022-07-08,t
289,Rania Hassan,rania.hassan756@yahoo.com,01070340936,Assiut,Female,1994-04-08,2023-02-03,f
290,Samy Yousef,samy.yousef771@gmail.com,01087490324,Cairo,Male,1999-01-31,2022-07-11,t
291,Hesham Omar,hesham.omar269@outlook.com,01080828710,Aswan,Male,1989-01-21,2023-02-02,t
292,Hassan Darwish,hassan.darwish866@outlook.com,01092861016,Cairo,Male,1988-05-05,2022-03-28,t
293,Shimaa Kamel,shimaa.kamel313@gmail.com,01034567819,Giza,Female,1981-05-05,2023-06-08,t
294,Nabil Farouk,nabil.farouk434@yahoo.com,01075319770,Aswan,Male,1999-02-08,2022-06-27,t
295,Hanan Saad,hanan.saad192@hotmail.com,01070532325,Assiut,Female,1977-05-28,2023-01-03,t
296,Rana Aziz,rana.aziz835@outlook.com,01085374270,Tanta,Female,1997-03-15,2023-02-23,t
297,Noha Tawfik,noha.tawfik172@gmail.com,01085886408,Cairo,Female,1984-11-22,2022-10-27,f
298,Farid Gaber,farid.gaber173@outlook.com,01085920319,Damietta,Male,1997-03-21,2023-06-08,t
299,Amr Rashid,amr.rashid844@hotmail.com,01082751830,Suez,Male,1976-11-12,2023-03-28,t
300,Iman Kamel,iman.kamel305@gmail.com,01070362053,Alexandria,Female,1990-08-21,2022-03-31,t
301,Bassel Hamdy,bassel.hamdy831@hotmail.com,01091907952,Aswan,Male,1994-03-17,2022-06-19,t
302,Samy Mahmoud,samy.mahmoud584@hotmail.com,01081441519,Alexandria,Male,1999-03-03,2022-06-22,t
303,Hanan Barakat,hanan.barakat274@gmail.com,01028198434,Luxor,Female,1993-06-18,2022-03-02,t
304,Hossam Kamel,hossam.kamel150@hotmail.com,01043226234,Luxor,Male,1992-08-13,2023-05-17,t
305,Asmaa Farouk,asmaa.farouk463@gmail.com,01095044078,Luxor,Female,1979-03-06,2023-02-17,t
306,Lamia Zidan,lamia.zidan974@outlook.com,01053928023,Assiut,Female,1975-02-10,2022-04-06,t
307,Salma Mohamed,salma.mohamed815@outlook.com,01039236638,Giza,Female,1984-07-02,2023-05-22,t
308,Aya Naguib,aya.naguib592@yahoo.com,01085986307,Suez,Female,1996-10-08,2022-12-18,t
309,Mahmoud Khaled,mahmoud.khaled642@outlook.com,01012185246,Cairo,Male,1982-02-01,2023-03-28,t
310,Shorouk Saad,shorouk.saad904@hotmail.com,01031337593,Suez,Female,1987-04-17,2022-04-06,t
311,Heba Osman,heba.osman681@yahoo.com,01016950770,Giza,Female,1988-09-14,2022-08-28,t
312,Tamer Ali,tamer.ali219@outlook.com,01020460758,Cairo,Male,1985-02-22,2023-06-16,t
313,Ahmed Lotfy,ahmed.lotfy837@gmail.com,01066682016,Damietta,Male,1980-12-05,2023-05-05,f
314,Heba Khaled,heba.khaled106@hotmail.com,01059333294,Ismailia,Female,1988-06-03,2022-05-21,t
315,Wael Mohamed,wael.mohamed544@gmail.com,01091915661,Aswan,Male,1982-05-12,2023-03-27,t
316,Wael Rushdy,wael.rushdy631@outlook.com,01039158087,Cairo,Male,1979-07-05,2022-05-24,t
317,Salma Helmy,salma.helmy323@yahoo.com,01043257324,Alexandria,Female,1978-10-12,2022-09-12,t
318,Nora Ragab,nora.ragab211@yahoo.com,01062579931,Alexandria,Female,1977-06-13,2022-09-03,t
319,Bassel Tawfik,bassel.tawfik654@gmail.com,01080905413,Ismailia,Male,1975-07-17,2023-01-05,t
320,Ayman Barakat,ayman.barakat431@hotmail.com,01083330690,Aswan,Male,1982-10-01,2023-04-28,t
321,Mohamed Ghanem,mohamed.ghanem70@gmail.com,01045189912,Alexandria,Male,1976-10-14,2022-03-03,t
322,Inas Gaber,inas.gaber644@outlook.com,01066851305,Damietta,Female,1993-01-16,2022-03-26,t
323,Amr Ahmed,amr.ahmed318@gmail.com,01078626154,Ismailia,Male,1984-02-12,2022-06-09,t
324,Rasha Mohamed,rasha.mohamed318@outlook.com,01042029368,Cairo,Female,1985-12-19,2022-03-30,t
325,Hesham Sobhy,hesham.sobhy624@gmail.com,01051512209,Aswan,Male,1982-11-17,2022-05-03,f
326,Ahmed Fattah,ahmed.fattah509@hotmail.com,01080196591,Tanta,Male,1986-08-18,2022-06-20,t
327,Shimaa Hassan,shimaa.hassan344@outlook.com,01046504617,Tanta,Female,1977-11-12,2022-09-27,t
328,Alaa Zidan,alaa.zidan524@hotmail.com,01017440911,Mansoura,Male,2000-06-05,2022-06-20,t
329,Iman Barakat,iman.barakat691@gmail.com,01040655922,Damietta,Female,1997-10-28,2022-01-03,f
330,Bassel Ibrahim,bassel.ibrahim484@hotmail.com,01061402634,Ismailia,Male,1981-09-24,2022-07-03,t
331,Bassem Rushdy,bassem.rushdy230@hotmail.com,01043321320,Giza,Male,1989-05-08,2022-10-05,t
332,Shimaa Selim,shimaa.selim690@gmail.com,01034071191,Alexandria,Female,1998-02-19,2022-02-17,t
333,Hesham Gaber,hesham.gaber793@hotmail.com,01053929586,Cairo,Male,1999-10-23,2023-04-13,f
334,Nader Barakat,nader.barakat804@hotmail.com,01093579731,Alexandria,Male,1995-10-23,2023-01-13,t
335,Shorouk Rashid,shorouk.rashid779@yahoo.com,01030208677,Cairo,Female,1993-05-24,2022-01-25,t
336,Sara Lotfy,sara.lotfy2@outlook.com,01051273379,Cairo,Female,1984-03-15,2023-06-27,t
337,Nada Mahmoud,nada.mahmoud996@yahoo.com,01047557512,Cairo,Female,1976-12-20,2022-08-26,t
338,Lamia Zidan,lamia.zidan998@gmail.com,01087949714,Cairo,Female,1997-09-02,2022-05-17,t
339,Mona Ghanem,mona.ghanem582@gmail.com,01068382413,Aswan,Female,1980-11-11,2022-08-31,t
340,Rania Sayed,rania.sayed326@outlook.com,01046501299,Alexandria,Female,1978-05-08,2022-07-27,t
341,Wael Khaled,wael.khaled169@outlook.com,01072552858,Giza,Male,1993-03-27,2022-05-04,t
342,Magdy Ragab,magdy.ragab475@hotmail.com,01026094525,Cairo,Male,1982-01-26,2022-11-08,t
343,Samy Sayed,samy.sayed152@gmail.com,01043315361,Giza,Male,1992-10-10,2023-06-10,f
344,Walaa Abdallah,walaa.abdallah32@outlook.com,01070693413,Tanta,Female,1999-09-05,2022-09-13,t
345,Hossam Omar,hossam.omar13@gmail.com,01039835008,Cairo,Male,1983-11-21,2023-02-15,t
346,Osama Ghanem,osama.ghanem266@gmail.com,01012925970,Cairo,Male,1983-11-14,2023-03-31,t
347,Mostafa Omar,mostafa.omar44@outlook.com,01016796477,Cairo,Male,2000-09-28,2023-03-20,t
348,Nada Hassan,nada.hassan392@outlook.com,01033193791,Giza,Female,1984-08-18,2022-07-11,t
349,Dalia Ibrahim,dalia.ibrahim629@yahoo.com,01096876236,Alexandria,Female,1997-05-18,2023-02-26,t
350,Reem Ahmed,reem.ahmed287@outlook.com,01028419506,Giza,Female,1983-12-12,2023-06-23,t
351,Ayman Darwish,ayman.darwish492@outlook.com,01056175477,Ismailia,Male,2000-05-16,2023-05-30,t
352,Mariam Hassan,mariam.hassan327@yahoo.com,01013933043,Ismailia,Female,1987-08-08,2022-03-01,t
353,Randa Darwish,randa.darwish786@yahoo.com,01031424479,Cairo,Female,1986-02-12,2022-09-04,t
354,Tarek Barakat,tarek.barakat867@outlook.com,01057621071,Ismailia,Male,1982-10-17,2022-06-30,t
355,Salma Ghanem,salma.ghanem29@hotmail.com,01086188876,Assiut,Female,1981-05-17,2022-07-12,t
356,Samar Ragab,samar.ragab180@outlook.com,01015095407,Cairo,Female,1977-07-09,2022-08-27,t
357,Gamal Fouad,gamal.fouad1@hotmail.com,01092427773,Alexandria,Male,1980-11-07,2022-12-15,t
358,Reem Hassan,reem.hassan152@yahoo.com,01024887509,Suez,Female,1998-08-10,2023-01-09,t
359,Rania Ghanem,rania.ghanem104@hotmail.com,01050502233,Giza,Female,1981-02-13,2022-06-11,t
360,Nada Sayed,nada.sayed179@hotmail.com,01039962391,Aswan,Female,1982-11-12,2023-01-23,t
361,Rana Abdallah,rana.abdallah747@gmail.com,01086884584,Giza,Female,2000-06-15,2022-02-03,t
362,Abeer Saleh,abeer.saleh655@gmail.com,01076596831,Cairo,Female,1989-11-08,2022-03-21,t
363,Yasmine Ahmed,yasmine.ahmed842@hotmail.com,01069945655,Cairo,Female,1986-11-24,2022-08-03,t
364,Hassan Mansour,hassan.mansour806@gmail.com,01010171954,Cairo,Male,1992-04-24,2023-03-25,t
365,Samir Tawfik,samir.tawfik903@outlook.com,01057141449,Tanta,Male,1991-11-02,2022-04-14,t
366,Ziad Badawi,ziad.badawi76@gmail.com,01049581964,Cairo,Male,1989-04-18,2022-09-25,t
367,Mostafa Fattah,mostafa.fattah910@outlook.com,01031596235,Damietta,Male,1978-05-13,2022-04-06,t
368,Nora Helmy,nora.helmy966@yahoo.com,01091512791,Ismailia,Female,1994-06-23,2022-06-10,f
369,Ghada Aziz,ghada.aziz420@hotmail.com,01098663948,Alexandria,Female,1988-05-04,2022-09-01,t
370,Mervat Naguib,mervat.naguib861@outlook.com,01030614492,Cairo,Female,1991-03-09,2022-01-04,t
371,Nevine Fouad,nevine.fouad205@gmail.com,01013454186,Alexandria,Female,1982-08-30,2022-10-26,t
372,Shimaa Ragab,shimaa.ragab804@outlook.com,01073209094,Mansoura,Female,1986-11-20,2022-04-04,t
373,Mariam Osman,mariam.osman907@outlook.com,01059580252,Cairo,Female,1994-12-30,2022-02-15,t
374,Walaa Saleh,walaa.saleh858@hotmail.com,01085731895,Cairo,Female,1981-10-12,2022-04-10,t
375,Samar Rushdy,samar.rushdy995@yahoo.com,01084303190,Cairo,Female,1992-05-13,2023-06-20,t
376,Mervat Kamel,mervat.kamel488@hotmail.com,01020597167,Giza,Female,1976-07-22,2023-05-30,t
377,Karim Badawi,karim.badawi178@yahoo.com,01038439415,Luxor,Male,1983-08-24,2022-05-10,f
378,Fathy Aziz,fathy.aziz843@yahoo.com,01089865944,Alexandria,Male,1989-05-05,2022-03-10,t
379,Hala Sayed,hala.sayed878@hotmail.com,01079751366,Mansoura,Female,1975-07-22,2023-06-20,t
380,Samir Nasser,samir.nasser152@gmail.com,01024178065,Assiut,Male,1979-07-13,2022-10-20,t
381,Asmaa Mansour,asmaa.mansour393@outlook.com,01086775659,Assiut,Female,1996-03-21,2022-02-08,t
382,Dalia Sobhy,dalia.sobhy624@outlook.com,01015205303,Giza,Female,1989-11-14,2022-09-01,f
383,Nivin Osman,nivin.osman21@hotmail.com,01050675347,Alexandria,Female,1987-07-30,2023-05-19,t
384,Tarek Saad,tarek.saad308@outlook.com,01053066216,Alexandria,Male,1993-09-11,2022-04-02,t
385,Samir Tawfik,samir.tawfik778@hotmail.com,01017543817,Tanta,Male,1982-02-17,2022-03-09,t
386,Rana Mokhtar,rana.mokhtar901@gmail.com,01033318633,Alexandria,Female,1984-01-02,2022-03-01,t
387,Reem Osman,reem.osman722@yahoo.com,01046772637,Giza,Female,1995-10-28,2023-06-02,t
388,Mohamed Kamel,mohamed.kamel382@outlook.com,01089731181,Mansoura,Male,1982-12-19,2023-05-01,t
389,Salma Fattah,salma.fattah858@hotmail.com,01022132198,Alexandria,Female,1976-03-25,2023-01-31,f
390,Tarek Saleh,tarek.saleh694@yahoo.com,01046115786,Aswan,Male,1993-05-15,2023-06-10,f
391,Essam Saad,essam.saad663@yahoo.com,01090683906,Luxor,Male,1975-05-19,2022-08-18,t
392,Nivin Helmy,nivin.helmy917@outlook.com,01056802956,Mansoura,Female,1986-04-21,2022-08-12,t
393,Rasha Khaled,rasha.khaled8@hotmail.com,01085357498,Aswan,Female,1987-09-06,2022-11-02,t
394,Mona Lotfy,mona.lotfy284@hotmail.com,01047162866,Alexandria,Female,1988-05-27,2022-07-12,t
395,Omar Qasim,omar.qasim414@hotmail.com,01028781020,Damietta,Male,1976-02-22,2023-05-25,t
396,Asmaa Ismail,asmaa.ismail398@gmail.com,01088252116,Damietta,Female,2000-08-29,2022-07-14,t
397,Farid Fouad,farid.fouad929@hotmail.com,01078090647,Alexandria,Male,1982-08-17,2022-07-05,t
398,Rana Mansour,rana.mansour743@yahoo.com,01055047826,Aswan,Female,1979-01-03,2022-08-16,t
399,Asmaa Lotfy,asmaa.lotfy381@hotmail.com,01088593968,Alexandria,Female,1995-10-21,2022-05-01,t
400,Essam Aziz,essam.aziz513@gmail.com,01061226775,Tanta,Male,1988-05-20,2023-02-28,f
401,Hossam Aziz,hossam.aziz351@outlook.com,01086424055,Ismailia,Male,1995-07-11,2022-05-27,t
402,Youssef Tawfik,youssef.tawfik341@yahoo.com,01052065724,Aswan,Male,1977-08-08,2022-01-05,t
403,Ziad Barakat,ziad.barakat783@yahoo.com,01075709924,Luxor,Male,1978-12-13,2022-05-13,t
404,Rania Helmy,rania.helmy989@outlook.com,01061447859,Cairo,Female,1976-09-10,2022-07-24,t
405,Islam Mokhtar,islam.mokhtar196@gmail.com,01010553491,Aswan,Male,1986-02-28,2022-08-20,t
406,Nadine Saad,nadine.saad106@outlook.com,01077556678,Assiut,Female,1988-09-24,2022-06-21,f
407,Sherif Gaber,sherif.gaber467@hotmail.com,01068205561,Ismailia,Male,1981-01-01,2022-12-17,t
408,Salma Aziz,salma.aziz169@outlook.com,01012566878,Alexandria,Female,1985-01-23,2022-05-15,t
409,Osama Selim,osama.selim174@gmail.com,01059203071,Damietta,Male,1976-09-04,2023-01-20,t
410,Samar Sobhy,samar.sobhy50@gmail.com,01098848098,Cairo,Female,1975-11-20,2022-02-19,t
411,Noha Farouk,noha.farouk127@hotmail.com,01073672398,Damietta,Female,1981-11-13,2022-07-30,t
412,Sherif Rushdy,sherif.rushdy678@gmail.com,01098916958,Tanta,Male,1987-02-10,2022-05-21,t
413,Diaa Sobhy,diaa.sobhy121@hotmail.com,01025302505,Luxor,Male,1979-10-08,2023-05-25,t
414,Hany Mokhtar,hany.mokhtar997@yahoo.com,01058039455,Damietta,Male,1993-05-19,2022-10-30,t
415,Ghada Fouad,ghada.fouad339@yahoo.com,01010367488,Cairo,Female,1978-12-29,2022-04-24,t
416,Dalia Ahmed,dalia.ahmed799@gmail.com,01023594977,Ismailia,Female,1986-06-24,2022-08-25,t
417,Walaa Zidan,walaa.zidan52@gmail.com,01033448079,Suez,Female,1976-10-08,2022-10-25,t
418,Shereen Omar,shereen.omar98@gmail.com,01011298197,Suez,Female,1981-03-17,2022-06-24,t
419,Abeer Yousef,abeer.yousef900@gmail.com,01060012498,Suez,Female,1990-05-17,2022-07-07,t
420,Doaa Yousef,doaa.yousef856@outlook.com,01074188958,Luxor,Female,1993-12-01,2022-06-20,t
421,Ziad Khaled,ziad.khaled427@outlook.com,01086362294,Aswan,Male,1994-08-27,2022-07-05,t
422,Abeer Hassan,abeer.hassan884@yahoo.com,01074837853,Ismailia,Female,1996-11-23,2022-04-26,t
423,Dina Mohamed,dina.mohamed268@hotmail.com,01011658959,Damietta,Female,1998-07-17,2022-08-18,t
424,Randa Mokhtar,randa.mokhtar705@gmail.com,01068095862,Aswan,Female,1986-02-24,2023-05-09,t
425,Dalia Naguib,dalia.naguib914@gmail.com,01011562947,Aswan,Female,1982-01-15,2023-06-02,t
426,Yasmine Mohamed,yasmine.mohamed770@outlook.com,01053034742,Alexandria,Female,1989-11-04,2022-10-12,f
427,Bassem Farouk,bassem.farouk413@yahoo.com,01020580463,Mansoura,Male,1994-12-04,2023-04-04,t
428,Noha Sayed,noha.sayed122@outlook.com,01097694240,Cairo,Female,1979-08-09,2023-02-18,t
429,Youssef Qasim,youssef.qasim987@hotmail.com,01078227936,Tanta,Male,1984-04-12,2023-04-13,t
430,Reem Saleh,reem.saleh865@outlook.com,01054556611,Tanta,Female,1996-03-22,2023-01-08,t
431,Tamer Saleh,tamer.saleh3@hotmail.com,01057665946,Suez,Male,1988-02-05,2023-06-19,t
432,Mahmoud Fattah,mahmoud.fattah505@yahoo.com,01064923338,Cairo,Male,1986-05-29,2022-07-20,t
433,Ghada Zidan,ghada.zidan845@yahoo.com,01055356673,Cairo,Female,1993-08-04,2022-02-17,t
434,Magdy Zidan,magdy.zidan675@yahoo.com,01076951647,Cairo,Male,1998-10-16,2022-02-19,t
435,Rasha Fouad,rasha.fouad947@yahoo.com,01087652255,Cairo,Female,1980-10-04,2022-04-17,t
436,Inas Farouk,inas.farouk429@yahoo.com,01046721417,Giza,Female,1990-05-19,2022-10-29,t
437,Hossam Rushdy,hossam.rushdy617@hotmail.com,01083525272,Suez,Male,1989-01-30,2022-08-11,t
438,Salma Saad,salma.saad728@yahoo.com,01077631432,Tanta,Female,1989-06-17,2022-04-29,t
439,Rasha Barakat,rasha.barakat966@outlook.com,01081659221,Alexandria,Female,1993-12-12,2022-01-14,t
440,Ayman Nasser,ayman.nasser55@gmail.com,01036830448,Alexandria,Male,1982-03-21,2022-10-21,t
441,Omar Gaber,omar.gaber209@gmail.com,01058141541,Suez,Male,1995-04-21,2022-04-15,t
442,Bassem Farouk,bassem.farouk244@hotmail.com,01099186817,Cairo,Male,1992-02-12,2023-02-01,t
443,Hala Mahmoud,hala.mahmoud14@hotmail.com,01037257905,Assiut,Female,1994-11-16,2022-08-19,t
444,Rasha Rashid,rasha.rashid757@yahoo.com,01035970823,Alexandria,Female,1995-02-18,2022-07-01,t
445,Ramy Abdallah,ramy.abdallah753@gmail.com,01060626689,Cairo,Male,1994-03-22,2022-10-13,t
446,Ziad Ghanem,ziad.ghanem867@hotmail.com,01010757677,Giza,Male,1995-12-02,2022-06-08,f
447,Nevine Mahmoud,nevine.mahmoud793@hotmail.com,01075840632,Luxor,Female,2000-09-08,2023-01-02,f
448,Randa Saleh,randa.saleh980@yahoo.com,01079874593,Cairo,Female,1997-08-29,2022-06-13,t
449,Heba Darwish,heba.darwish227@yahoo.com,01099031246,Giza,Female,1989-11-07,2023-01-05,t
450,Hala Ali,hala.ali118@hotmail.com,01069816445,Alexandria,Female,1985-12-08,2022-02-10,t
451,Nehad Omar,nehad.omar396@hotmail.com,01082509424,Damietta,Female,1987-09-08,2022-01-26,t
452,Inas Selim,inas.selim457@outlook.com,01015885670,Alexandria,Female,1983-08-21,2022-11-25,t
453,Ziad Rashid,ziad.rashid547@gmail.com,01094145533,Cairo,Male,1984-06-15,2022-08-07,t
454,Iman Hamdy,iman.hamdy551@outlook.com,01096779969,Suez,Female,1978-03-27,2022-06-07,f
455,Dina Ahmed,dina.ahmed76@gmail.com,01033889703,Luxor,Female,1986-04-20,2022-03-14,t
456,Hany Rushdy,hany.rushdy398@outlook.com,01094586329,Giza,Male,1994-06-04,2022-11-20,f
457,Farid Ali,farid.ali657@gmail.com,01088598977,Cairo,Male,1978-04-04,2023-01-02,t
458,Nader Ragab,nader.ragab622@gmail.com,01047784631,Luxor,Male,1994-08-19,2023-01-26,t
459,Essam Fattah,essam.fattah547@yahoo.com,01028304809,Damietta,Male,1992-07-16,2022-10-30,t
460,Sherif Osman,sherif.osman981@gmail.com,01084292758,Suez,Male,1999-11-25,2022-05-25,t
461,Nabil Qasim,nabil.qasim404@gmail.com,01050894954,Alexandria,Male,1990-06-04,2022-08-05,t
462,Ziad Abdallah,ziad.abdallah227@hotmail.com,01036082023,Cairo,Male,1983-02-19,2022-02-25,t
463,Hala Mohamed,hala.mohamed298@gmail.com,01043646722,Cairo,Female,1983-11-09,2023-05-14,t
464,Rana Kamel,rana.kamel103@hotmail.com,01093150000,Cairo,Female,1983-09-06,2022-11-22,t
465,Abeer Ragab,abeer.ragab711@yahoo.com,01085907105,Assiut,Female,1991-05-08,2022-11-20,t
466,Ahmed Sayed,ahmed.sayed253@yahoo.com,01096011893,Giza,Male,1987-05-31,2023-01-04,t
467,Menatallah Zidan,menatallah.zidan457@hotmail.com,01050999730,Mansoura,Female,1999-09-30,2022-04-22,t
468,Amr Saad,amr.saad913@yahoo.com,01045330756,Damietta,Male,1978-06-06,2022-03-19,t
469,Osama Ghanem,osama.ghanem415@yahoo.com,01014919926,Tanta,Male,1986-09-09,2023-04-29,t
470,Ibrahim Ismail,ibrahim.ismail229@hotmail.com,01027969238,Mansoura,Male,1997-06-24,2023-06-07,t
471,Inas Ali,inas.ali679@yahoo.com,01092414513,Aswan,Female,1982-06-10,2023-06-11,t
472,Ramy Barakat,ramy.barakat972@yahoo.com,01074894729,Giza,Male,1976-10-24,2022-08-13,t
473,Khaled Mansour,khaled.mansour379@yahoo.com,01015745651,Aswan,Male,1984-04-10,2023-06-15,t
474,Nehad Fouad,nehad.fouad940@outlook.com,01016232730,Cairo,Female,1989-07-15,2022-04-16,t
475,Walaa Ghanem,walaa.ghanem558@yahoo.com,01060554391,Aswan,Female,1991-12-24,2023-01-10,t
476,Gamal Mansour,gamal.mansour386@yahoo.com,01079306247,Giza,Male,1990-10-30,2022-12-20,t
477,Nevine Ali,nevine.ali514@yahoo.com,01069042204,Cairo,Female,1985-04-26,2022-03-20,t
478,Ghada Nasser,ghada.nasser192@yahoo.com,01058616740,Assiut,Female,1980-04-22,2022-08-24,t
479,Shimaa Fouad,shimaa.fouad692@outlook.com,01074293132,Alexandria,Female,1982-03-26,2023-02-25,f
480,Hossam Barakat,hossam.barakat607@yahoo.com,01028082355,Aswan,Male,1997-12-30,2022-02-10,t
481,Omar Fattah,omar.fattah265@yahoo.com,01079342339,Giza,Male,2000-04-13,2022-01-20,t
482,Heba Hamdy,heba.hamdy460@outlook.com,01074648438,Cairo,Female,1984-11-03,2023-02-25,t
483,Reda Selim,reda.selim271@yahoo.com,01055992559,Ismailia,Male,1995-05-05,2022-03-12,t
484,Rana Khaled,rana.khaled17@yahoo.com,01080157128,Suez,Female,1997-08-16,2023-03-06,t
485,Ramy Fouad,ramy.fouad924@gmail.com,01081327320,Tanta,Male,1980-04-09,2022-04-06,t
486,Bahaa Rashid,bahaa.rashid848@gmail.com,01097138408,Giza,Male,1998-06-02,2023-03-07,t
487,Gamal Helmy,gamal.helmy235@outlook.com,01061168696,Giza,Male,2000-11-04,2022-04-11,t
488,Menatallah Saleh,menatallah.saleh932@gmail.com,01048019408,Assiut,Female,1999-05-23,2023-02-23,t
489,Ahmed Barakat,ahmed.barakat536@gmail.com,01079761254,Cairo,Male,1991-10-28,2022-07-30,t
490,Asmaa Osman,asmaa.osman110@yahoo.com,01067186360,Aswan,Female,1986-05-18,2022-09-25,t
491,Mervat Osman,mervat.osman627@hotmail.com,01063345392,Luxor,Female,1984-02-20,2023-02-28,t
492,Mariam Osman,mariam.osman573@outlook.com,01044061458,Alexandria,Female,2000-11-29,2022-12-19,t
493,Rana Omar,rana.omar766@yahoo.com,01069940949,Luxor,Female,1982-04-04,2022-04-13,t
494,Aya Naguib,aya.naguib629@gmail.com,01031573890,Giza,Female,1975-03-28,2022-04-04,t
495,Nevine Helmy,nevine.helmy91@gmail.com,01045311610,Alexandria,Female,1991-08-20,2022-03-23,t
496,Rania Sobhy,rania.sobhy672@hotmail.com,01090191410,Cairo,Female,1982-11-11,2023-05-22,t
497,Gamal Gaber,gamal.gaber200@gmail.com,01090465529,Tanta,Male,1998-02-20,2022-08-26,t
498,Ibrahim Kamel,ibrahim.kamel671@gmail.com,01031131878,Cairo,Male,1987-05-18,2023-02-14,t
499,Rania Ghanem,rania.ghanem206@gmail.com,01019209640,Ismailia,Female,1979-01-17,2022-10-19,t
500,Salma Yousef,salma.yousef232@yahoo.com,01071036720,Ismailia,Female,1993-02-13,2022-01-05,t
